Workbook

Sheet Sheet1
F3: Living Standard | J3: Business Health | Q3: Basic Necessities | Y3: Facilitators
A4: No. | B4: UA_Name | C4: UA_Country | D4: UA_Continent | F4: Housing | G4: Cost of Living | H4: Taxation | J4: Taxation | K4: Startups | L4: Venture Capital | M4: Economy | N4: Business Freedom | O4: Tolerance | Q4: Business Freedom | R4: Tolerance | S4: Safety | T4: Healthcare | U4: Education | V4: Environmental Quality | W4: Travel Connectivity | Y4: Internet Access | Z4: Leisure & Culture | AA4: Outdoors | AB4: Commute
A5: 30 | B5: Birmingham | C5: Alabama | D5: North America | F5: 6.5555 | G5: 5.133 | H5: 4.204 | J5: 4.204 | K5: 4.3575 | L5: 1 | M5: 6.5145 | N5: 8.671 | O5: 4.8815 | Q5: 8.671 | R5: 4.8815 | S5: 1.776 | T5: 6.541 | U5: 3.6245 | V5: 7.0375 | W5: 1.4355 | Y5: 5.1605 | Z5: 5.3835 | AA5: 1.266 | AB5: 2.02075
A6: 5 | B6: Anchorage | C6: Alaska | D6: North America | F6: 5.4335 | G6: 3.141 | H6: 4.772 | J6: 4.772 | K6: 2.7945 | L6: 0 | M6: 6.5145 | N6: 8.671 | O6: 7.093 | Q6: 8.671 | R6: 7.093 | S6: 3.4705 | T6: 6.0603333 | U6: 3.6245 | V6: 9.272 | W6: 1.738 | Y6: 4.9645 | Z6: 3.266 | AA6: 5.358 | AB6: 4.71525
A7: 46 | B7: Buenos Aires | C7: Argentina | D7: South America | F7: 8.812 | G7: 7.764 | H7: 1.568 | J7: 1.568 | K7: 4.673 | L7: 2.31 | M7: 2.884 | N7: 4.0453333 | O7: 8.584 | Q7: 4.0453333 | R7: 8.584 | S7: 6.0395 | T7: 6.979 | U7: 1.422 | V7: 4.869 | W7: 3.77 | Y7: 1.5275 | Z7: 7.6735 | AA7: 4.5355 | AB7: 4.9235
A8: 188 | B8: Phoenix | C8: Arizona | D8: North America | F8: 6.533 | G8: 6.208 | H8: 4.488 | J8: 4.488 | K8: 6.5085 | L8: 4.558 | M8: 6.5145 | N8: 8.671 | O8: 5.565 | Q8: 8.671 | R8: 5.565 | S8: 2.583 | T8: 6.1263333 | U8: 4.591 | V8: 4.62525 | W8: 3.3025 | Y8: 6.178 | Z8: 6.81 | AA8: 6.7355 | AB8: 4.8285
A9: 263 | B9: Yerevan | C9: Armenia | D9: Asia | F9: 9.6945 | G9: 9.431 | H9: 8.055 | J9: 8.055 | K9: 3.9265 | L9: 0 | M9: 3.458 | N9: 6.501 | O9: 7.3465 | Q9: 6.501 | R9: 7.3465 | S9: 8.873 | T9: 5.102 | U9: 0 | V9: 4.4395 | W9: 1.787 | Y9: 3.9 | Z9: 4.737 | AA9: 7.7765 | AB9: 5.64925
A10: 1 | B10: Adelaide | C10: Australia | D10: Oceania | F10: 6.3095 | G10: 4.692 | H10: 4.5885 | J10: 4.5885 | K10: 3.1365 | L10: 2.64 | M10: 6.0695 | N10: 9.3996667 | O10: 7.822 | Q10: 9.3996667 | R10: 7.822 | S10: 7.926 | T10: 7.9366667 | U10: 5.142 | V10: 8.33075 | W10: 1.7765 | Y10: 4.341 | Z10: 4.3285 | AA10: 5.531 | AB10: 5.33625
A11: 40 | B11: Brisbane | C11: Australia | D11: Oceania | F11: 5.212 | G11: 5.177 | H11: 4.5885 | J11: 4.5885 | K11: 6.343 | L11: 3.24 | M11: 6.0695 | N11: 9.3996667 | O11: 7.4895 | Q11: 9.3996667 | R11: 7.4895 | S11: 7.9035 | T11: 8.3176667 | U11: 5.921 | V11: 8.82775 | W11: 2.4345 | Y11: 4.4075 | Z11: 4.01 | AA11: 6.2565 | AB11: 4.61775
A12: 153 | B12: Melbourne | C12: Australia | D12: Oceania | F12: 4.83 | G12: 4.798 | H12: 4.5885 | J12: 4.5885 | K12: 8.204 | L12: 5.02 | M12: 6.0695 | N12: 9.3996667 | O12: 7.0005 | Q12: 9.3996667 | R12: 7.0005 | S12: 7.1325 | T12: 8.016 | U12: 6.2205 | V12: 7.8915 | W12: 2.8465 | Y12: 5.896 | Z12: 6.461 | AA12: 6.203 | AB12: 4.872
A13: 185 | B13: Perth | C13: Australia | D13: Oceania | F13: 5.233 | G13: 4.795 | H13: 4.5885 | J13: 4.5885 | K13: 5.127 | L13: 3.102 | M13: 6.0695 | N13: 9.3996667 | O13: 7.4705 | Q13: 9.3996667 | R13: 7.4705 | S13: 7.1045 | T13: 8.0593333 | U13: 5.143 | V13: 8.1325 | W13: 2.1105 | Y13: 4.1785 | Z13: 4.5115 | AA13: 5.6835 | AB13: 4.695
A14: 232 | B14: Sydney | C14: Australia | D14: Oceania | F14: 1.9865 | G14: 4.128 | H14: 4.5885 | J14: 4.5885 | K14: 8.7265 | L14: 6.427 | M14: 6.0695 | N14: 9.3996667 | O14: 7.0325 | Q14: 9.3996667 | R14: 7.0325 | S14: 7.571 | T14: 8.0336667 | U14: 6.7255 | V14: 7.81675 | W14: 3.285 | Y14: 4.7365 | Z14: 6.2275 | AA14: 6.2635 | AB14: 4.851
A15: 112 | B15: Innsbruck | C15: Austria | D15: Europe | F15: 6.708 | G15: 4.732 | H15: 2.666 | J15: 2.666 | K15: 2.1255 | L15: 0 | M15: 4.663 | N15: 7.596 | O15: 8.4855 | Q15: 7.596 | R15: 8.4855 | S15: 8.273 | T15: 7.8846667 | U15: 4.33 | V15: 7.366 | W15: 5.5695 | Y15: 5.0595 | Z15: 4.4245 | AA15: 3.9635 | AB15: 6.374
A16: 256 | B16: Vienna | C16: Austria | D16: Europe | F16: 6.314 | G16: 5.111 | H16: 2.666 | J16: 2.666 | K16: 5.798 | L16: 3.635 | M16: 4.663 | N16: 7.596 | O16: 8.964 | Q16: 7.596 | R16: 8.964 | S16: 8.5965 | T16: 8.198 | U16: 4.8545 | V16: 9.27 | W16: 8.0315 | Y16: 6.173 | Z16: 8.5215 | AA16: 5.2945 | AB16: 6.21325
... A270: 6 | B270: Andorra | C270: Andorra | D270: Europe | F270: 3.969 | G270: 0 | H270: 4.475 | J270: 4.475 | K270: 1 | L270: 0 | M270: 0 | N270: 0 | O270: 8.7035 | Q270: 0 | R270: 8.7035 | S270: 9.5535 | T270: 0 | U270: 0 | V270: 7.256 | W270: 0.5 | Y270: 7.186 | Z270: 2.132 | AA270: 3.5885 | AB270: 0

Sheet Sheet2
F3: Living Standard | J3: Business Health | Q3: Basic Necessities | Y3: Facilitators | AD3: SUM TOTAL
A4: No. | B4: UA_Name | C4: UA_Country | D4: UA_Continent | F4: Housing | G4: Cost of Living | H4: Taxation | J4: Taxation | K4: Startups | L4: Venture Capital | M4: Economy | N4: Business Freedom | O4: Tolerance | Q4: Business Freedom | R4: Tolerance | S4: Safety | T4: Healthcare | U4: Education | V4: Environmental Quality | W4: Travel Connectivity | Y4: Internet Access | Z4: Leisure & Culture | AA4: Outdoors | AB4: Commute
A5: 30 | B5: Birmingham | C5: Alabama | D5: North America | F5: =0.75*Sheet1!F5 -> 4.916625 | G5: =1.25*Sheet1!G5 -> 6.41625 | H5: =1.25*Sheet1!H5 -> 5.255 | J5: =1.25*Sheet1!J5 -> 5.255 | K5: =1.25*Sheet1!K5 -> 5.446875 | L5: =1.25*Sheet1!L5 -> 1.25 | M5: =1.5*Sheet1!M5 -> 9.77175 | N5: =1.25*Sheet1!N5 -> 10.83875 | O5: =1.5*Sheet1!O5 -> 7.32225 | Q5: =1*Sheet1!Q5 -> 8.671 | R5: =1.25*Sheet1!R5 -> 6.101875 | S5: =1.5*Sheet1!S5 -> 2.664 | T5: =1.5*Sheet1!T5 -> 9.8115 | U5: =0.75*Sheet1!U5 -> 2.718375 | V5: =0.75*Sheet1!V5 -> 5.278125 | W5: =0.75*Sheet1!W5 -> 1.076625 | Y5: =1.25*Sheet1!Y5 -> 6.450625 | Z5: =0.5*Sheet1!Z5 -> 2.69175 | AA5: =0.5*Sheet1!AA5 -> 0.633 | AB5: =0.5*Sheet1!AB5 -> 1.010375 | AD5: =SUM(F5:AB5) -> 103.57975 | AF5: =MAX(AD5:AD270) -> 164.54594
A6: 5 | B6: Anchorage | C6: Alaska | D6: North America | F6: =0.75*Sheet1!F6 -> 4.075125 | G6: =1.25*Sheet1!G6 -> 3.92625 | H6: =1.25*Sheet1!H6 -> 5.965 | J6: =1.25*Sheet1!J6 -> 5.965 | K6: =1.25*Sheet1!K6 -> 3.493125 | L6: =1.25*Sheet1!L6 -> 0 | M6: =1.5*Sheet1!M6 -> 9.77175 | N6: =1.25*Sheet1!N6 -> 10.83875 | O6: =1.5*Sheet1!O6 -> 10.6395 | Q6: =1*Sheet1!Q6 -> 8.671 | R6: =1.25*Sheet1!R6 -> 8.86625 | S6: =1.5*Sheet1!S6 -> 5.20575 | T6: =1.5*Sheet1!T6 -> 9.0905 | U6: =0.75*Sheet1!U6 -> 2.718375 | V6: =0.75*Sheet1!V6 -> 6.954 | W6: =0.75*Sheet1!W6 -> 1.3035 | Y6: =1.25*Sheet1!Y6 -> 6.205625 | Z6: =0.5*Sheet1!Z6 -> 1.633 | AA6: =0.5*Sheet1!AA6 -> 2.679 | AB6: =0.5*Sheet1!AB6 -> 2.357625 | AD6: =SUM(F6:AB6) -> 110.35912 | AF6: =MATCH(AF5,AD5:AD270,0) -> 203
A7: 46 | B7: Buenos Aires | C7: Argentina | D7: South America | F7: =0.75*Sheet1!F7 -> 6.609 | G7: =1.25*Sheet1!G7 -> 9.705 | H7: =1.25*Sheet1!H7 -> 1.96 | J7: =1.25*Sheet1!J7 -> 1.96 | K7: =1.25*Sheet1!K7 -> 5.84125 | L7: =1.25*Sheet1!L7 -> 2.8875 | M7: =1.5*Sheet1!M7 -> 4.326 | N7: =1.25*Sheet1!N7 -> 5.0566667 | O7: =1.5*Sheet1!O7 -> 12.876 | Q7: =1*Sheet1!Q7 -> 4.0453333 | R7: =1.25*Sheet1!R7 -> 10.73 | S7: =1.5*Sheet1!S7 -> 9.05925 | T7: =1.5*Sheet1!T7 -> 10.4685 | U7: =0.75*Sheet1!U7 -> 1.0665 | V7: =0.75*Sheet1!V7 -> 3.65175 | W7: =0.75*Sheet1!W7 -> 2.8275 | Y7: =1.25*Sheet1!Y7 -> 1.909375 | Z7: =0.5*Sheet1!Z7 -> 3.83675 | AA7: =0.5*Sheet1!AA7 -> 2.26775 | AB7: =0.5*Sheet1!AB7 -> 2.46175 | AD7: =SUM(F7:AB7) -> 103.54587 | AF7: =B203 -> Moscow
A8: 188 | B8: Phoenix | C8: Arizona | D8: North America | F8: =0.75*Sheet1!F8 -> 4.89975 | G8: =1.25*Sheet1!G8 -> 7.76 | H8: =1.25*Sheet1!H8 -> 5.61 | J8: =1.25*Sheet1!J8 -> 5.61 | K8: =1.25*Sheet1!K8 -> 8.135625 | L8: =1.25*Sheet1!L8 -> 5.6975 | M8: =1.5*Sheet1!M8 -> 9.77175 | N8: =1.25*Sheet1!N8 -> 10.83875 | O8: =1.5*Sheet1!O8 -> 8.3475 | Q8: =1*Sheet1!Q8 -> 8.671 | R8: =1.25*Sheet1!R8 -> 6.95625 | S8: =1.5*Sheet1!S8 -> 3.8745 | T8: =1.5*Sheet1!T8 -> 9.1895 | U8: =0.75*Sheet1!U8 -> 3.44325 | V8: =0.75*Sheet1!V8 -> 3.4689375 | W8: =0.75*Sheet1!W8 -> 2.476875 | Y8: =1.25*Sheet1!Y8 -> 7.7225 | Z8: =0.5*Sheet1!Z8 -> 3.405 | AA8: =0.5*Sheet1!AA8 -> 3.36775 | AB8: =0.5*Sheet1!AB8 -> 2.41425 | AD8: =SUM(F8:AB8) -> 121.66069
A9: 263 | B9: Yerevan | C9: Armenia | D9: Asia | F9: =0.75*Sheet1!F9 -> 7.270875 | G9: =1.25*Sheet1!G9 -> 11.78875 | H9: =1.25*Sheet1!H9 -> 10.06875 | J9: =1.25*Sheet1!J9 -> 10.06875 | K9: =1.25*Sheet1!K9 -> 4.908125 | L9: =1.25*Sheet1!L9 -> 0 | M9: =1.5*Sheet1!M9 -> 5.187 | N9: =1.25*Sheet1!N9 -> 8.12625 | O9: =1.5*Sheet1!O9 -> 11.01975 | Q9: =1*Sheet1!Q9 -> 6.501 | R9: =1.25*Sheet1!R9 -> 9.183125 | S9: =1.5*Sheet1!S9 -> 13.3095 | T9: =1.5*Sheet1!T9 -> 7.653 | U9: =0.75*Sheet1!U9 -> 0 | V9: =0.75*Sheet1!V9 -> 3.329625 | W9: =0.75*Sheet1!W9 -> 1.34025 | Y9: =1.25*Sheet1!Y9 -> 4.875 | Z9: =0.5*Sheet1!Z9 -> 2.3685 | AA9: =0.5*Sheet1!AA9 -> 3.88825 | AB9: =0.5*Sheet1!AB9 -> 2.824625 | AD9: =SUM(F9:AB9) -> 123.71112
A10: 1 | B10: Adelaide | C10: Australia | D10: Oceania | F10: =0.75*Sheet1!F10 -> 4.732125 | G10: =1.25*Sheet1!G10 -> 5.865 | H10: =1.25*Sheet1!H10 -> 5.735625 | J10: =1.25*Sheet1!J10 -> 5.735625 | K10: =1.25*Sheet1!K10 -> 3.920625 | L10: =1.25*Sheet1!L10 -> 3.3 | M10: =1.5*Sheet1!M10 -> 9.10425 | N10: =1.25*Sheet1!N10 -> 11.749583 | O10: =1.5*Sheet1!O10 -> 11.733 | Q10: =1*Sheet1!Q10 -> 9.3996667 | R10: =1.25*Sheet1!R10 -> 9.7775 | S10: =1.5*Sheet1!S10 -> 11.889 | T10: =1.5*Sheet1!T10 -> 11.905 | U10: =0.75*Sheet1!U10 -> 3.8565 | V10: =0.75*Sheet1!V10 -> 6.2480625 | W10: =0.75*Sheet1!W10 -> 1.332375 | Y10: =1.25*Sheet1!Y10 -> 5.42625 | Z10: =0.5*Sheet1!Z10 -> 2.16425 | AA10: =0.5*Sheet1!AA10 -> 2.7655 | AB10: =0.5*Sheet1!AB10 -> 2.668125 | AD10: =SUM(F10:AB10) -> 129.30806
A11: 40 | B11: Brisbane | C11: Australia | D11: Oceania | F11: =0.75*Sheet1!F11 -> 3.909 | G11: =1.25*Sheet1!G11 -> 6.47125 | H11: =1.25*Sheet1!H11 -> 5.735625 | J11: =1.25*Sheet1!J11 -> 5.735625 | K11: =1.25*Sheet1!K11 -> 7.92875 | L11: =1.25*Sheet1!L11 -> 4.05 | M11: =1.5*Sheet1!M11 -> 9.10425 | N11: =1.25*Sheet1!N11 -> 11.749583 | O11: =1.5*Sheet1!O11 -> 11.23425 | Q11: =1*Sheet1!Q11 -> 9.3996667 | R11: =1.25*Sheet1!R11 -> 9.361875 | S11: =1.5*Sheet1!S11 -> 11.85525 | T11: =1.5*Sheet1!T11 -> 12.4765 | U11: =0.75*Sheet1!U11 -> 4.44075 | V11: =0.75*Sheet1!V11 -> 6.6208125 | W11: =0.75*Sheet1!W11 -> 1.825875 | Y11: =1.25*Sheet1!Y11 -> 5.509375 | Z11: =0.5*Sheet1!Z11 -> 2.005 | AA11: =0.5*Sheet1!AA11 -> 3.12825 | AB11: =0.5*Sheet1!AB11 -> 2.308875 | AD11: =SUM(F11:AB11) -> 134.85056
A12: 153 | B12: Melbourne | C12: Australia | D12: Oceania | F12: =0.75*Sheet1!F12 -> 3.6225 | G12: =1.25*Sheet1!G12 -> 5.9975 | H12: =1.25*Sheet1!H12 -> 5.735625 | J12: =1.25*Sheet1!J12 -> 5.735625 | K12: =1.25*Sheet1!K12 -> 10.255 | L12: =1.25*Sheet1!L12 -> 6.275 | M12: =1.5*Sheet1!M12 -> 9.10425 | N12: =1.25*Sheet1!N12 -> 11.749583 | O12: =1.5*Sheet1!O12 -> 10.50075 | Q12: =1*Sheet1!Q12 -> 9.3996667 | R12: =1.25*Sheet1!R12 -> 8.750625 | S12: =1.5*Sheet1!S12 -> 10.69875 | T12: =1.5*Sheet1!T12 -> 12.024 | U12: =0.75*Sheet1!U12 -> 4.665375 | V12: =0.75*Sheet1!V12 -> 5.918625 | W12: =0.75*Sheet1!W12 -> 2.134875 | Y12: =1.25*Sheet1!Y12 -> 7.37 | Z12: =0.5*Sheet1!Z12 -> 3.2305 | AA12: =0.5*Sheet1!AA12 -> 3.1015 | AB12: =0.5*Sheet1!AB12 -> 2.436 | AD12: =SUM(F12:AB12) -> 138.70575
A13: 185 | B13: Perth | C13: Australia | D13: Oceania | F13: =0.75*Sheet1!F13 -> 3.92475 | G13: =1.25*Sheet1!G13 -> 5.99375 | H13: =1.25*Sheet1!H13 -> 5.735625 | J13: =1.25*Sheet1!J13 -> 5.735625 | K13: =1.25*Sheet1!K13 -> 6.40875 | L13: =1.25*Sheet1!L13 -> 3.8775 | M13: =1.5*Sheet1!M13 -> 9.10425 | N13: =1.25*Sheet1!N13 -> 11.749583 | O13: =1.5*Sheet1!O13 -> 11.20575 | Q13: =1*Sheet1!Q13 -> 9.3996667 | R13: =1.25*Sheet1!R13 -> 9.338125 | S13: =1.5*Sheet1!S13 -> 10.65675 | T13: =1.5*Sheet1!T13 -> 12.089 | U13: =0.75*Sheet1!U13 -> 3.85725 | V13: =0.75*Sheet1!V13 -> 6.099375 | W13: =0.75*Sheet1!W13 -> 1.582875 | Y13: =1.25*Sheet1!Y13 -> 5.223125 | Z13: =0.5*Sheet1!Z13 -> 2.25575 | AA13: =0.5*Sheet1!AA13 -> 2.84175 | AB13: =0.5*Sheet1!AB13 -> 2.3475 | AD13: =SUM(F13:AB13) -> 129.42675
A14: 232 | B14: Sydney | C14: Australia | D14: Oceania | F14: =0.75*Sheet1!F14 -> 1.489875 | G14: =1.25*Sheet1!G14 -> 5.16 | H14: =1.25*Sheet1!H14 -> 5.735625 | J14: =1.25*Sheet1!J14 -> 5.735625 | K14: =1.25*Sheet1!K14 -> 10.908125 | L14: =1.25*Sheet1!L14 -> 8.03375 | M14: =1.5*Sheet1!M14 -> 9.10425 | N14: =1.25*Sheet1!N14 -> 11.749583 | O14: =1.5*Sheet1!O14 -> 10.54875 | Q14: =1*Sheet1!Q14 -> 9.3996667 | R14: =1.25*Sheet1!R14 -> 8.790625 | S14: =1.5*Sheet1!S14 -> 11.3565 | T14: =1.5*Sheet1!T14 -> 12.0505 | U14: =0.75*Sheet1!U14 -> 5.044125 | V14: =0.75*Sheet1!V14 -> 5.8625625 | W14: =0.75*Sheet1!W14 -> 2.46375 | Y14: =1.25*Sheet1!Y14 -> 5.920625 | Z14: =0.5*Sheet1!Z14 -> 3.11375 | AA14: =0.5*Sheet1!AA14 -> 3.13175 | AB14: =0.5*Sheet1!AB14 -> 2.4255 | AD14: =SUM(F14:AB14) -> 138.02494
A15: 112 | B15: Innsbruck | C15: Austria | D15: Europe | F15: =0.75*Sheet1!F15 -> 5.031 | G15: =1.25*Sheet1!G15 -> 5.915 | H15: =1.25*Sheet1!H15 -> 3.3325 | J15: =1.25*Sheet1!J15 -> 3.3325 | K15: =1.25*Sheet1!K15 -> 2.656875 | L15: =1.25*Sheet1!L15 -> 0 | M15: =1.5*Sheet1!M15 -> 6.9945 | N15: =1.25*Sheet1!N15 -> 9.495 | O15: =1.5*Sheet1!O15 -> 12.72825 | Q15: =1*Sheet1!Q15 -> 7.596 | R15: =1.25*Sheet1!R15 -> 10.606875 | S15: =1.5*Sheet1!S15 -> 12.4095 | T15: =1.5*Sheet1!T15 -> 11.827 | U15: =0.75*Sheet1!U15 -> 3.2475 | V15: =0.75*Sheet1!V15 -> 5.5245 | W15: =0.75*Sheet1!W15 -> 4.177125 | Y15: =1.25*Sheet1!Y15 -> 6.324375 | Z15: =0.5*Sheet1!Z15 -> 2.21225 | AA15: =0.5*Sheet1!AA15 -> 1.98175 | AB15: =0.5*Sheet1!AB15 -> 3.187 | AD15: =SUM(F15:AB15) -> 118.5795
A16: 256 | B16: Vienna | C16: Austria | D16: Europe | F16: =0.75*Sheet1!F16 -> 4.7355 | G16: =1.25*Sheet1!G16 -> 6.38875 | H16: =1.25*Sheet1!H16 -> 3.3325 | J16: =1.25*Sheet1!J16 -> 3.3325 | K16: =1.25*Sheet1!K16 -> 7.2475 | L16: =1.25*Sheet1!L16 -> 4.54375 | M16: =1.5*Sheet1!M16 -> 6.9945 | N16: =1.25*Sheet1!N16 -> 9.495 | O16: =1.5*Sheet1!O16 -> 13.446 | Q16: =1*Sheet1!Q16 -> 7.596 | R16: =1.25*Sheet1!R16 -> 11.205 | S16: =1.5*Sheet1!S16 -> 12.89475 | T16: =1.5*Sheet1!T16 -> 12.297 | U16: =0.75*Sheet1!U16 -> 3.640875 | V16: =0.75*Sheet1!V16 -> 6.9525 | W16: =0.75*Sheet1!W16 -> 6.023625 | Y16: =1.25*Sheet1!Y16 -> 7.71625 | Z16: =0.5*Sheet1!Z16 -> 4.26075 | AA16: =0.5*Sheet1!AA16 -> 2.64725 | AB16: =0.5*Sheet1!AB16 -> 3.106625 | AD16: =SUM(F16:AB16) -> 137.85662
A17: 14 | B17: Baku | C17: Azerbaijan | D17: Asia | F17: =0.75*Sheet1!F17 -> 7.30875 | G17: =1.25*Sheet1!G17 -> 12.2575 | H17: =1.25*Sheet1!H17 -> 7.32625 | J17: =1.25*Sheet1!J17 -> 7.32625 | K17: =1.25*Sheet1!K17 -> 3.338125 | L17: =1.25*Sheet1!L17 -> 0 | M17: =1.5*Sheet1!M17 -> 5.81475 | N17: =1.25*Sheet1!N17 -> 7.0895833 | O17: =1.5*Sheet1!O17 -> 9.87675 | Q17: =1*Sheet1!Q17 -> 5.6716667 | R17: =1.25*Sheet1!R17 -> 8.230625 | S17: =1.5*Sheet1!S17 -> 13.158 | T17: =1.5*Sheet1!T17 -> 5.553 | U17: =0.75*Sheet1!U17 -> 0 | V17: =0.75*Sheet1!V17 -> 1.9659375 | W17: =0.75*Sheet1!W17 -> 1.62675 | Y17: =1.25*Sheet1!Y17 -> 1.8025 | Z17: =0.5*Sheet1!Z17 -> 3.10975 | AA17: =0.5*Sheet1!AA17 -> 2.2515 | AB17: =0.5*Sheet1!AB17 -> 2.746 | AD17: =SUM(F17:AB17) -> 106.45369
A18: 160 | B18: Minsk | C18: Belarus | D18: Europe | F18: =0.75*Sheet1!F18 -> 7.121625 | G18: =1.25*Sheet1!G18 -> 11.61125 | H18: =1.25*Sheet1!H18 -> 7.4075 | J18: =1.25*Sheet1!J18 -> 7.4075 | K18: =1.25*Sheet1!K18 -> 5.473125 | L18: =1.25*Sheet1!L18 -> 0 | M18: =1.5*Sheet1!M18 -> 4.806 | N18: =1.25*Sheet1!N18 -> 6.9954167 | O18: =1.5*Sheet1!O18 -> 11.13225 | Q18: =1*Sheet1!Q18 -> 5.5963333 | R18: =1.25*Sheet1!R18 -> 9.276875 | S18: =1.5*Sheet1!S18 -> 13.557 | T18: =1.5*Sheet1!T18 -> 8.266 | U18: =0.75*Sheet1!U18 -> 0.375 | V18: =0.75*Sheet1!V18 -> 5.2861875 | W18: =0.75*Sheet1!W18 -> 2.824875 | Y18: =1.25*Sheet1!Y18 -> 6.07875 | Z18: =0.5*Sheet1!Z18 -> 3.475 | AA18: =0.5*Sheet1!AA18 -> 2.453 | AB18: =0.5*Sheet1!AB18 -> 2.68275 | AD18: =SUM(F18:AB18) -> 121.82644
A19: 43 | B19: Brussels | C19: Belgium | D19: Europe | F19: =0.75*Sheet1!F19 -> 4.76625 | G19: =1.25*Sheet1!G19 -> 5.59625 | H19: =1.25*Sheet1!H19 -> 2.35375 | J19: =1.25*Sheet1!J19 -> 2.35375 | K19: =1.25*Sheet1!K19 -> 7.114375 | L19: =1.25*Sheet1!L19 -> 4.2175 | M19: =1.5*Sheet1!M19 -> 7.21725 | N19: =1.25*Sheet1!N19 -> 11.09625 | O19: =1.5*Sheet1!O19 -> 9.7215 | Q19: =1*Sheet1!Q19 -> 8.877 | R19: =1.25*Sheet1!R19 -> 8.10125 | S19: =1.5*Sheet1!S19 -> 10.0545 | T19: =1.5*Sheet1!T19 -> 12.2375 | U19: =0.75*Sheet1!U19 -> 4.98975 | V19: =0.75*Sheet1!V19 -> 3.44325 | W19: =0.75*Sheet1!W19 -> 5.600625 | Y19: =1.25*Sheet1!Y19 -> 9.464375 | Z19: =0.5*Sheet1!Z19 -> 4.072 | AA19: =0.5*Sheet1!AA19 -> 2.0615 | AB19: =0.5*Sheet1!AB19 -> 2.693375 | AD19: =SUM(F19:AB19) -> 126.032
... A270: 6 | B270: Andorra | C270: Andorra | D270: Europe | F270: =0.75*Sheet1!F270 -> 2.97675 | G270: =1.25*Sheet1!G270 -> 0 | H270: =1.25*Sheet1!H270 -> 5.59375 | J270: =1.25*Sheet1!J270 -> 5.59375 | K270: =1.25*Sheet1!K270 -> 1.25 | L270: =1.25*Sheet1!L270 -> 0 | M270: =1.5*Sheet1!M270 -> 0 | N270: =1.25*Sheet1!N270 -> 0 | O270: =1.5*Sheet1!O270 -> 13.05525 | Q270: =1*Sheet1!Q270 -> 0 | R270: =1.25*Sheet1!R270 -> 10.879375 | S270: =1.5*Sheet1!S270 -> 14.33025 | T270: =1.5*Sheet1!T270 -> 0 | U270: =0.75*Sheet1!U270 -> 0 | V270: =0.75*Sheet1!V270 -> 5.442 | W270: =0.75*Sheet1!W270 -> 0.375 | Y270: =1.25*Sheet1!Y270 -> 8.9825 | Z270: =0.5*Sheet1!Z270 -> 1.066 | AA270: =0.5*Sheet1!AA270 -> 1.79425 | AB270: =0.5*Sheet1!AB270 -> 0 | AD270: =SUM(F270:AB270) -> 71.338875
